<?xml version="1.0"?>
<playlist>
<play id="1">
<versionlist>
        <version id="1" name="version1"  htmlname="Play1_v1.html"  audioname="audio1.xml" />
        <version id="2"  name="version2"  htmlname="Play1_v2.html" audioname="audio2.xml"/>
        <version id="3"  name="version3"  htmlname="Play1_v3.html" audioname="audio3.xml"/>
       
</versionlist> 
</play>
<play id="2">
<versionlist>
        <version id="1" name="version4"  htmlname="Play1_v4.html"  audioname="audio4.xml" />
        <version id="2"  name="version5"  htmlname="Play1_v5.html" audioname="audio5.xml"/>
        <version id="3"  name="version6"  htmlname="Play1_v6.html" audioname="audio6.xml"/>
       
</versionlist> 
</play>
<play id="3">
<versionlist>
        <version id="1" name="version7"  htmlname="Play1_v7.html"  audioname="audio7.xml" />
        <version id="2"  name="version8"  htmlname="Play1_v8.html" audioname="audio8.xml"/>
        <version id="3"  name="version9"  htmlname="Play1_v9.html" audioname="audio9.xml"/>
       
</versionlist> 
</play>

</playlist>
